num,name,p_np,smiles,bbb_score,predicted_label,correct
1080,cetophenicol/cetofenicol,1,C1=C(C(O)C(CO)NC(C(Cl)Cl)=O)C=CC(=C1)C(=O)C,0.12404297,0,False
65,SB-222200,1,CCC(NC(=O)c1c(c(nc2c1cccc2)c1ccccc1)C)c1ccccc1,0.11697581,0,False
181,dapsone,0,Nc1ccc(cc1)[S](=O)(=O)c2ccc(N)cc2,0.5605725,1,False
426,Triamcinolone,0,C[C@]12C[C@H](O)[C@@]3(F)[C@@H](CCC4=CC(=O)C=C[C@]34C)[C@@H]1C[C@@H](O)[C@]2(O)C(=O)CO,0.80425197,1,False
945,vindesine,0,CC[C@]1(O)C[C@H]2CN(CCc3c([nH]c4ccccc34)[C@@](C2)(C(=O)OC)c5cc6c(cc5OC)N(C)[C@H]7[C@](O)([C@H](O)[C@]8(CC)C=CCN9CC[C@]67[C@H]89)C(N)=O)C1,0.7564351,1,False
397,salicylic acid,0,OC(=O)c1ccccc1O,0.5041466,1,False
1627,toloxychlorinol,1,C1=CC=CC(=C1OCC(COC(C(Cl)(Cl)Cl)O)OC(C(Cl)(Cl)Cl)O)C,0.41834095,0,False
1659,veralipride,1,C1=C([S](N)(=O)=O)C=C(C(=C1C(NCC2N(CCC2)CC=C)=O)OC)OC,0.41916442,0,False
1421,nitrafudam,1,NC(=N)c1ccc(o1)c2ccccc2N(=O)=O,0.19543716,0,False
1706,benmoxin,1,C2=C(C(NNC(C1=CC=CC=C1)=O)C)C=CC=C2,0.37028527,0,False
1632,topiramate,1,[C@@]23([C@H]([C@H]1[C@H](OC(O1)(C)C)CO2)OC(O3)(C)C)CO[S](N)(=O)=O,0.31583208,0,False
1701,atropine(hyoscyamine),1,C1=CC=CC=C1C(C(OC2CC3N(C)C(C2)CC3)=O)CO,0.49434558,0,False
42,thiamphenicol,1,C[S](=O)(=O)c1ccc(cc1)[C@@H](O)[C@@H](CO)NC(=O)C(Cl)Cl,0.121705204,0,False
180,coumarin,0,O=C1Oc2ccccc2C=C1,0.60559773,1,False
1141,cyprolidol,1,C4=C(C(C2C(C1=CC=NC=C1)C2)(C3=CC=CC=C3)O)C=CC=C4,0.43043017,0,False
674,8-5,0,CN(C)Cc1oc(cc1)CSCCNC=1NC=C(CN1)Cc1cnc(cc1)C,0.5203648,1,False
1495,prednylidene,1,C(C(C3(C(CC4C2CCC1=CC(C=CC1(C)C2C(CC34C)O)=O)=C)O)=O)O,0.41222933,0,False
470,cp94,1,CCN1C=CC(=O)C(=C1CC)O,0.33265856,0,False
1381,miconazole,1,C1=C(C=CC(=C1Cl)COC(C[N]2C=NC=C2)C3=C(C=C(C=C3)Cl)Cl)Cl,0.17863859,0,False
127,Astemizole,0,COc1ccc(CCN2CCC(CC2)Nc3nc4ccccc4n3Cc5ccc(F)cc5)cc1,0.7543745,1,False
39,2-(3'-Iodo-4'-aminophenyl)-6-hydroxybenzothiazole,1,IC1=C(N([H])[H])C=CC(C2=NC3=CC=C(O[H])C=C3S2)=C1,0.47884125,0,False
1226,fenbutrazate,1,C3=C(C1C(N(CCO1)CCOC(C(C2=CC=CC=C2)CC)=O)C)C=CC=C3,0.34276256,0,False
2050,ademetionine(adenosyl-methionine),1,[C@H]3([N]2C1=C(C(=NC=N1)N)N=C2)[C@@H]([C@@H]([C@H](O3)C[S+](CC[C@@H](C([O-])=O)N)C)O)O,0.18717295,0,False
424,tolazamide,0,Cc1ccc(cc1)[S](=O)(=O)NC(=O)NN2CCCCCC2,0.58381927,1,False
1399,nabilone,1,[C@H]23C1=C(C=C(C(CCCCCC)(C)C)C=C1O)OC([C@@H]2CCC(C3)=O)(C)C,0.45072758,0,False
494,GR85571,1,c1(cc(c(cc1)Cl)Cl)CC(N1[C@@H](CN2CCCC2)CN(CC1)C(=O)C)=O,0.3441786,0,False
200,Azelaicacid,0,OC(=O)CCCCCCCC(O)=O,0.83412445,1,False
336,Nevirapine,1,Cc1ccnc2N(C3CC3)c4ncccc4C(=O)Nc12,0.37375748,0,False
1886,lobeline,1,C3=C(C(CC2N(C(CC(C1=CC=CC=C1)=O)CCC2)C)O)C=CC=C3,0.3832817,0,False
1090,cicortonide,1,[C@H]23C([C@@]1(OC(O[C@@H]1C2)(C)C)C(=O)COC(=O)C)(CC(O)[C@@]4(F)C3CC(=C5C4(CCC(=C5)OCCCl)C)C#N)C,0.49120393,0,False
1338,loratadine,1,C1=CC(=CC2=C1C(C3=C(CC2)C=CC=N3)=C4CCN(C(OCC)=O)CC4)Cl,0.37438133,0,False
247,trimetozine,1,COc1cc(cc(OC)c1OC)C(=O)N2CCOCC2,0.46360645,0,False
626,skb_c,1,c1cc2c(C(N[C@@H](CC)c3ccccc3)=O)c(c(nc2cc1)c1ccccc1)OCCCN(C)C,0.19283836,0,False
303,mepenzolatebromide,0,[Br-].C[N+]1(C)CCCC(C1)OC(=O)C(O)(c2ccccc2)c3ccccc3,0.610917,1,False
184,dicyclomine,0,CCN(CC)CCOC(=O)C1(CCCCC1)C2CCCCC2,0.86205196,1,False
1395,moxadolen,1,[C@@H]13C=C[C@@H]([C@@]2([C@H]1[C@H](OC2=O)OC(NC)=O)C)C3,0.21244973,0,False
260,guanethidinesulfate,0,NC(N)=NCCN1CCCCCCC1,0.8566838,1,False
1411,nialamide,1,C1=CN=CC=C1C(NNCCC(NCC2=CC=CC=C2)=O)=O,0.47847348,0,False
986,alrestatin,1,C1=CC=C3C2=C1C(N(CC(O)=O)C(C2=CC=C3)=O)=O,0.4064066,0,False
106,Amiodarone,0,CCCCc1oc2ccccc2c1C(=O)c3cc(I)c(OCCN(CC)CC)c(I)c3,0.96080655,1,False
1690,amfonelic-acid,1,C1=CC(=NC2=C1C(C(=CN2CC)C(O)=O)=O)CC3=CC=CC=C3,0.22344697,0,False
1281,ganaxolone,1,[C@H]13[C@@H]([C@@]2([C@@H](CC1)C[C@](O)(CC2)C)C)CC[C@]4([C@H]3CC[C@@H]4C(=O)C)C,0.45012662,0,False
851,hymecromone,0,CC1=CC(=O)Oc2cc(O)ccc12,0.78051156,1,False
254,Colchicine,0,COC1=CC=C2C(=CC1=O)[C@H](CCc3cc(OC)c(OC)c(OC)c23)NC(C)=O,0.8417196,1,False
351,Calcium-folinate,1,[Ca++].NC1=NC(=O)C2=C(NCC(CNc3ccc(cc3)C(=O)N[C@@H](CCC([O-])=O)C([O-])=O)N2C=O)N1,0.08209773,0,False
1270,folic-acid,1,[C@H](NC(C3=CC=C(NCC1=NC2=C(N=C1)NC(=NC2=O)N)C=C3)=O)(CCC(O)=O)C(O)=O,0.035825524,0,False
